Rank,EntryId,EntryName,TimeRemaining,Points,Lineup,,Player,Roster Position,%Drafted,FPTS
1,4936870745,Bullykillerz,0,287.25,C Moussa Diabate F Patrick Williams G Dyson Daniels PF Paolo Banchero PG Josh Giddey SF Nickeil Alexander-Walker SG Kon Knueppel UTIL Onyeka Okongwu,,Jeremiah Fears,G,91.94%,17.25
2,4936378571,rajonrondough,0,281.75,C Moussa Diabate F Miles Bridges G Jeremiah Fears PF Scottie Barnes PG Josh Giddey SF Kon Knueppel SG Trey Murphy III UTIL Kevon Looney,,Josh Giddey,PG,90.32%,70.75
2,4936743627,gutp,0,281.75,C Moussa Diabate F Miles Bridges G Jeremiah Fears PF Scottie Barnes PG Josh Giddey SF Kon Knueppel SG Trey Murphy III UTIL Kevon Looney,,Kevon Looney,UTIL,89.52%,9.5
4,4936443772,Reboot78,0,280.5,C Kevon Looney F Kon Knueppel G Josh Giddey PF Giannis Antetokounmpo PG Jeremiah Fears SF Tristan da Silva SG Trey Murphy III UTIL Ryan Kalkbrenner,,Trey Murphy III,SG,83.87%,35.25
5,4937046115,SirCharChar,0,279.25,C Derik Queen F Kon Knueppel G Tyrese Maxey PF Saddiq Bey PG Tre Mann SF Nickeil Alexander-Walker SG Kevin Huerter UTIL Giannis Antetokounmpo,,Giannis Antetokounmpo,PF,67.74%,38
6,4936692999,Cbryant2331,0,278.25,C Nikola Vucevic F Tristan da Silva G AJ Green PF Scottie Barnes PG Josh Giddey SF Kelly Oubre Jr. SG Quentin Grimes UTIL Trendon Watford,,Kon Knueppel,SF,45.97%,40
7,4936614596,saqif123,0,272.75,C Kevon Looney F Kon Knueppel G Jeremiah Fears PF Miles Bridges PG Josh Giddey SF Saddiq Bey SG Trey Murphy III UTIL Nikola Vucevic,,Tre Jones,PG,38.71%,21.5
7,4936748791,ChrisFace55,0,272.75,C Kevon Looney F Kon Knueppel G Jeremiah Fears PF Miles Bridges PG Josh Giddey SF Saddiq Bey SG Trey Murphy III UTIL Nikola Vucevic,,Patrick Williams,F,31.45%,12.5
7,4936806663,zongetsu23,0,272.75,C Kevon Looney F Kon Knueppel G Jeremiah Fears PF Miles Bridges PG Josh Giddey SF Saddiq Bey SG Trey Murphy III UTIL Nikola Vucevic,,Saddiq Bey,SF,29.84%,23.5
7,4936846870,YoMr_757,0,272.75,C Kevon Looney F Kon Knueppel G Jeremiah Fears PF Miles Bridges PG Josh Giddey SF Saddiq Bey SG Trey Murphy III UTIL Nikola Vucevic,,Miles Bridges,PF,27.42%,39.5
7,4937016906,jryan409,0,272.75,C Kevon Looney F Kon Knueppel G Jeremiah Fears PF Miles Bridges PG Josh Giddey SF Saddiq Bey SG Trey Murphy III UTIL Nikola Vucevic,,Herbert Jones,SF,27.42%,21.25
12,4936633829,zone2323,0,271.5,C Kevon Looney F Kon Knueppel G Josh Giddey PF Giannis Antetokounmpo PG Jeremiah Fears SF Saddiq Bey SG Trey Murphy III UTIL Ryan Kalkbrenner,,Nikola Vucevic,C,26.61%,37
13,4936656010,mroney1977,0,269.25,C Jalen Smith F Brandon Ingram G RJ Barrett PF Scottie Barnes PG Josh Giddey SF Franz Wagner SG Kevin Huerter UTIL Ochai Agbaji,,Nickeil Alexander-Walker,F,26.61%,24.25
14,4936837052,bck4gators,0,266.25,C Nikola Vucevic F Jalen Johnson G Jeremiah Fears PF Saddiq Bey PG Josh Giddey SF Kon Knueppel SG Trey Murphy III UTIL Kevon Looney,,Moussa Diabate,C,25.00%,20.75
15,4936904104,rex21023,0,265.25,C Nikola Vucevic F Saddiq Bey G Jeremiah Fears PF Miles Bridges PG Josh Giddey SF Herbert Jones SG Trey Murphy III UTIL Moussa Diabate,,Matas Buzelis,F,20.97%,23.75
16,4936986340,CaliElite,0,262.75,C Kevon Looney F Kon Knueppel G Collin Sexton PF Miles Bridges PG Josh Giddey SF Herbert Jones SG Trey Murphy III UTIL Tre Jones,,Brandon Ingram,F,7.26%,32
17,4936613192,Mjharks22,0,261,C Kevon Looney F Derik Queen G Tre Jones PF Giannis Antetokounmpo PG Jeremiah Fears SF Kon Knueppel SG Collin Sexton UTIL Josh Giddey,,Ryan Kalkbrenner,C,6.45%,37.25
18,4936800641,pipolechap,0,258.5,C Ryan Kalkbrenner F Tristan da Silva G Tre Mann PF Giannis Antetokounmpo PG Tyrese Maxey SF Brandon Ingram SG Sion James UTIL KJ Simpson,,Collin Sexton,UTIL,5.65%,25
19,4936691668,tylestei,0,257.75,C Kevon Looney F Miles Bridges G Josh Giddey PF Jalen Johnson PG Jeremiah Fears SF Kon Knueppel SG Trey Murphy III UTIL Patrick Williams,,Jalen Smith,C,5.65%,18.5
20,4936257588,jenner150,0,257,C Nikola Vucevic F Nickeil Alexander-Walker G Jeremiah Fears PF Miles Bridges PG Josh Giddey SF Saddiq Bey SG Trey Murphy III UTIL Kevon Looney,,Derik Queen,F,4.03%,39
20,4936272930,sportsfanatic89,0,257,C Nikola Vucevic F Nickeil Alexander-Walker G Jeremiah Fears PF Miles Bridges PG Josh Giddey SF Saddiq Bey SG Trey Murphy III UTIL Kevon Looney,,Scottie Barnes,PF,3.23%,48.75
20,4936292104,skeen4440,0,257,C Kevon Looney F Nickeil Alexander-Walker G Josh Giddey PF Miles Bridges PG Jeremiah Fears SF Saddiq Bey SG Trey Murphy III UTIL Nikola Vucevic,,RJ Barrett,SG,3.23%,46.5
20,4936330762,YazanAlkhatib,0,257,C Nikola Vucevic F Nickeil Alexander-Walker G Jeremiah Fears PF Miles Bridges PG Josh Giddey SF Saddiq Bey SG Trey Murphy III UTIL Kevon Looney,,Jalen Johnson,PF,3.23%,33
20,4936359668,butchismyhomie,0,257,C Nikola Vucevic F Nickeil Alexander-Walker G Jeremiah Fears PF Miles Bridges PG Josh Giddey SF Saddiq Bey SG Trey Murphy III UTIL Kevon Looney,,Dyson Daniels,SG,3.23%,37.5
20,4936528867,jcrewguy,0,257,C Nikola Vucevic F Nickeil Alexander-Walker G Jeremiah Fears PF Miles Bridges PG Josh Giddey SF Saddiq Bey SG Trey Murphy III UTIL Kevon Looney,,Franz Wagner,SF,2.42%,26.5
20,4936548962,cashmoney1977,0,257,C Nikola Vucevic F Saddiq Bey G Jeremiah Fears PF Miles Bridges PG Josh Giddey SF Nickeil Alexander-Walker SG Trey Murphy III UTIL Kevon Looney,,Tristan da Silva,SF,2.42%,32.5
20,4936587043,flawsom,0,257,C Kevon Looney F Miles Bridges G Josh Giddey PF Saddiq Bey PG Jeremiah Fears SF Nickeil Alexander-Walker SG Trey Murphy III UTIL Nikola Vucevic,,Ryan Rollins,PG,2.42%,18
20,4936667742,moklovin,0,257,C Kevon Looney F Miles Bridges G Josh Giddey PF Saddiq Bey PG Jeremiah Fears SF Nickeil Alexander-Walker SG Trey Murphy III UTIL Nikola Vucevic,,Tre Mann,G,2.42%,26.5
20,4936669488,cglenn91,0,257,C Nikola Vucevic F Saddiq Bey G Jeremiah Fears PF Miles Bridges PG Josh Giddey SF Nickeil Alexander-Walker SG Trey Murphy III UTIL Kevon Looney,,Kevin Huerter,SG,2.42%,26.25
20,4936690349,Assani,0,257,C Nikola Vucevic F Nickeil Alexander-Walker G Jeremiah Fears PF Miles Bridges PG Josh Giddey SF Saddiq Bey SG Trey Murphy III UTIL Kevon Looney,,Tyrese Maxey,PG,2.42%,61.75
20,4936690675,dallasstars56,0,257,C Kevon Looney F Miles Bridges G Josh Giddey PF Saddiq Bey PG Jeremiah Fears SF Nickeil Alexander-Walker SG Trey Murphy III UTIL Nikola Vucevic,,Sion James,SG,2.42%,18.75
20,4936731103,tuck8989,0,257,C Nikola Vucevic F Saddiq Bey G Jeremiah Fears PF Miles Bridges PG Josh Giddey SF Nickeil Alexander-Walker SG Trey Murphy III UTIL Kevon Looney,,Gary Trent Jr.,SF,1.61%,15
20,4936743955,tonerman40,0,257,C Nikola Vucevic F Nickeil Alexander-Walker G Jeremiah Fears PF Miles Bridges PG Josh Giddey SF Saddiq Bey SG Trey Murphy III UTIL Kevon Looney,,Quentin Grimes,SG,1.61%,27.75
20,4936751721,XXXachillesXXX,0,257,C Kevon Looney F Saddiq Bey G Josh Giddey PF Miles Bridges PG Jeremiah Fears SF Nickeil Alexander-Walker SG Trey Murphy III UTIL Nikola Vucevic,,Kelly Oubre Jr.,SF,1.61%,33.25
20,4936760355,bobapalooza,0,257,C Nikola Vucevic F Nickeil Alexander-Walker G Jeremiah Fears PF Miles Bridges PG Josh Giddey SF Saddiq Bey SG Trey Murphy III UTIL Kevon Looney,,AJ Green,G,1.61%,13.25
20,4936764987,papagates,0,257,C Kevon Looney F Saddiq Bey G Josh Giddey PF Miles Bridges PG Jeremiah Fears SF Nickeil Alexander-Walker SG Trey Murphy III UTIL Nikola Vucevic,,Wendell Carter Jr.,C,1.61%,19.25
20,4936788373,crashhays,0,257,C Nikola Vucevic F Saddiq Bey G Jeremiah Fears PF Miles Bridges PG Josh Giddey SF Nickeil Alexander-Walker SG Trey Murphy III UTIL Kevon Looney,,Jordan Poole,SG,0.81%,21.5
20,4936911401,nygfan8180,0,257,C Nikola Vucevic F Nickeil Alexander-Walker G Jeremiah Fears PF Miles Bridges PG Josh Giddey SF Saddiq Bey SG Trey Murphy III UTIL Kevon Looney,,Luke Kennard,SG,0.81%,11.75
20,4937003562,David098,0,257,C Nikola Vucevic F Nickeil Alexander-Walker G Jeremiah Fears PF Miles Bridges PG Josh Giddey SF Saddiq Bey SG Trey Murphy III UTIL Kevon Looney,,Ochai Agbaji,UTIL,0.81%,0
20,4937049582,jmcfall,0,257,C Kevon Looney F Saddiq Bey G Jeremiah Fears PF Miles Bridges PG Josh Giddey SF Nickeil Alexander-Walker SG Trey Murphy III UTIL Nikola Vucevic,,Trendon Watford,UTIL,0.81%,15
41,4936441016,AllUCanEat,0,256.75,C Kevon Looney F Kon Knueppel G Josh Giddey PF Miles Bridges PG Jeremiah Fears SF Herbert Jones SG Jordan Poole UTIL Nikola Vucevic,,VJ Edgecombe,G,0.81%,37.25
42,4936425714,kb4444,0,254.75,C Jalen Smith F Derik Queen G Josh Giddey PF Giannis Antetokounmpo PG Jeremiah Fears SF Franz Wagner SG Trey Murphy III UTIL Kevon Looney,,Bobby Portis,C,0.81%,15.75
42,4936563119,hoagies69,0,254.75,C Jalen Smith F Derik Queen G Josh Giddey PF Giannis Antetokounmpo PG Jeremiah Fears SF Franz Wagner SG Trey Murphy III UTIL Kevon Looney,,Cole Anthony,SG,0.81%,27
44,4936570623,scomoe,0,252.5,C Kevon Looney F Matas Buzelis G Tre Jones PF Giannis Antetokounmpo PG Josh Giddey SF Kon Knueppel SG Luke Kennard UTIL Ryan Kalkbrenner,,KJ Simpson,UTIL,0.81%,11.75
45,4936716027,Fladrif,0,252,C Moussa Diabate F Jalen Johnson G Tre Jones PF Matas Buzelis PG Jeremiah Fears SF Kon Knueppel SG Collin Sexton UTIL Josh Giddey,,Paolo Banchero,PF,0.81%,49.75
46,4936527055,Vanilla_Gorilla25,0,250.75,C Ryan Kalkbrenner F Matas Buzelis G Tre Mann PF Giannis Antetokounmpo PG Ryan Rollins SF Kon Knueppel SG RJ Barrett UTIL Moussa Diabate,,Onyeka Okongwu,UTIL,0.81%,31.75
47,4936979363,JMSZN,0,249,C Kevon Looney F Derik Queen G Jeremiah Fears PF Giannis Antetokounmpo PG Josh Giddey SF Herbert Jones SG Trey Murphy III UTIL Ryan Rollins,,Jalen Suggs,PG,0.81%,26.5
48,4936825190,parrysparty,0,247,C Jalen Smith F Brandon Ingram G Jeremiah Fears PF Giannis Antetokounmpo PG Josh Giddey SF Saddiq Bey SG Dyson Daniels UTIL Kevon Looney,,Zaccharie Risacher,F,0.81%,31
49,4936729473,GGHOSTMANH,0,245.5,C Nikola Vucevic F Matas Buzelis G Jeremiah Fears PF Miles Bridges PG Josh Giddey SF Patrick Williams SG Trey Murphy III UTIL Kevon Looney,,,
49,4936872747,sasmallen,0,245.5,C Kevon Looney F Matas Buzelis G Jeremiah Fears PF Miles Bridges PG Josh Giddey SF Patrick Williams SG Trey Murphy III UTIL Nikola Vucevic,,,
51,4936271495,ztrivett21,0,244.75,C Kevon Looney F Patrick Williams G Jeremiah Fears PF Giannis Antetokounmpo PG Tre Jones SF Kon Knueppel SG Trey Murphy III UTIL Josh Giddey,,,
51,4936273244,lozingitall,0,244.75,C Kevon Looney F Patrick Williams G Josh Giddey PF Giannis Antetokounmpo PG Jeremiah Fears SF Kon Knueppel SG Trey Murphy III UTIL Tre Jones,,,
51,4936356167,Buffalo__66,0,244.75,C Kevon Looney F Giannis Antetokounmpo G Tre Jones PF Patrick Williams PG Jeremiah Fears SF Kon Knueppel SG Trey Murphy III UTIL Josh Giddey,,,
51,4936359053,Moose5454,0,244.75,C Kevon Looney F Kon Knueppel G Tre Jones PF Giannis Antetokounmpo PG Josh Giddey SF Patrick Williams SG Trey Murphy III UTIL Jeremiah Fears,,,
51,4936363762,Orochi,0,244.75,C Kevon Looney F Patrick Williams G Josh Giddey PF Giannis Antetokounmpo PG Jeremiah Fears SF Kon Knueppel SG Trey Murphy III UTIL Tre Jones,,,
51,4936442052,medicine,0,244.75,C Kevon Looney F Kon Knueppel G Tre Jones PF Giannis Antetokounmpo PG Josh Giddey SF Patrick Williams SG Trey Murphy III UTIL Jeremiah Fears,,,
51,4936443928,Swizurk,0,244.75,C Kevon Looney F Kon Knueppel G Tre Jones PF Giannis Antetokounmpo PG Josh Giddey SF Patrick Williams SG Trey Murphy III UTIL Jeremiah Fears,,,
51,4936453508,bledsoe2002,0,244.75,C Kevon Looney F Kon Knueppel G Tre Jones PF Giannis Antetokounmpo PG Jeremiah Fears SF Patrick Williams SG Trey Murphy III UTIL Josh Giddey,,,
51,4936469798,Rains,0,244.75,C Kevon Looney F Kon Knueppel G Jeremiah Fears PF Giannis Antetokounmpo PG Tre Jones SF Patrick Williams SG Trey Murphy III UTIL Josh Giddey,,,
51,4936480610,yyyuuuiii,0,244.75,C Kevon Looney F Kon Knueppel G Tre Jones PF Giannis Antetokounmpo PG Jeremiah Fears SF Patrick Williams SG Trey Murphy III UTIL Josh Giddey,,,
51,4936497041,silencer17,0,244.75,C Kevon Looney F Patrick Williams G Josh Giddey PF Giannis Antetokounmpo PG Jeremiah Fears SF Kon Knueppel SG Trey Murphy III UTIL Tre Jones,,,
51,4936512838,macacobat,0,244.75,C Kevon Looney F Patrick Williams G Josh Giddey PF Giannis Antetokounmpo PG Tre Jones SF Kon Knueppel SG Trey Murphy III UTIL Jeremiah Fears,,,
51,4936567514,Mangone,0,244.75,C Kevon Looney F Kon Knueppel G Tre Jones PF Giannis Antetokounmpo PG Josh Giddey SF Patrick Williams SG Trey Murphy III UTIL Jeremiah Fears,,,
51,4936581031,dont_take_my_money,0,244.75,C Kevon Looney F Patrick Williams G Jeremiah Fears PF Giannis Antetokounmpo PG Josh Giddey SF Kon Knueppel SG Trey Murphy III UTIL Tre Jones,,,
51,4936589798,timmyteebow,0,244.75,C Kevon Looney F Giannis Antetokounmpo G Tre Jones PF Patrick Williams PG Jeremiah Fears SF Kon Knueppel SG Trey Murphy III UTIL Josh Giddey,,,
51,4936590791,sp23,0,244.75,C Kevon Looney F Patrick Williams G Josh Giddey PF Giannis Antetokounmpo PG Tre Jones SF Kon Knueppel SG Trey Murphy III UTIL Jeremiah Fears,,,
51,4936628100,ma15102,0,244.75,C Kevon Looney F Patrick Williams G Tre Jones PF Giannis Antetokounmpo PG Josh Giddey SF Kon Knueppel SG Trey Murphy III UTIL Jeremiah Fears,,,
51,4936631514,Elklvr,0,244.75,C Kevon Looney F Giannis Antetokounmpo G Tre Jones PF Patrick Williams PG Jeremiah Fears SF Kon Knueppel SG Trey Murphy III UTIL Josh Giddey,,,
51,4936635085,and1jsheng,0,244.75,C Kevon Looney F Patrick Williams G Tre Jones PF Giannis Antetokounmpo PG Jeremiah Fears SF Kon Knueppel SG Trey Murphy III UTIL Josh Giddey,,,
51,4936641154,Dayal10,0,244.75,C Kevon Looney F Kon Knueppel G Jeremiah Fears PF Giannis Antetokounmpo PG Tre Jones SF Patrick Williams SG Trey Murphy III UTIL Josh Giddey,,,
51,4936641982,firefighter733,0,244.75,C Kevon Looney F Patrick Williams G Josh Giddey PF Giannis Antetokounmpo PG Tre Jones SF Kon Knueppel SG Trey Murphy III UTIL Jeremiah Fears,,,
51,4936656252,Jrake,0,244.75,C Kevon Looney F Kon Knueppel G Tre Jones PF Giannis Antetokounmpo PG Josh Giddey SF Patrick Williams SG Trey Murphy III UTIL Jeremiah Fears,,,
51,4936666422,jdmarc,0,244.75,C Jalen Smith F Brandon Ingram G Josh Giddey PF Giannis Antetokounmpo PG Jeremiah Fears SF Saddiq Bey SG Trey Murphy III UTIL Kevon Looney,,,
51,4936674342,Casey0504,0,244.75,C Kevon Looney F Kon Knueppel G Josh Giddey PF Giannis Antetokounmpo PG Jeremiah Fears SF Patrick Williams SG Trey Murphy III UTIL Tre Jones,,,
51,4936729972,creel.patrick,0,244.75,C Kevon Looney F Patrick Williams G Josh Giddey PF Giannis Antetokounmpo PG Tre Jones SF Kon Knueppel SG Trey Murphy III UTIL Jeremiah Fears,,,
51,4936752103,westgatejones,0,244.75,C Jalen Smith F Saddiq Bey G Jeremiah Fears PF Giannis Antetokounmpo PG Josh Giddey SF Brandon Ingram SG Trey Murphy III UTIL Kevon Looney,,,
51,4936757182,RoYzH,0,244.75,C Kevon Looney F Patrick Williams G Tre Jones PF Giannis Antetokounmpo PG Josh Giddey SF Kon Knueppel SG Trey Murphy III UTIL Jeremiah Fears,,,
51,4936794660,0_for_5,0,244.75,C Kevon Looney F Kon Knueppel G Tre Jones PF Giannis Antetokounmpo PG Josh Giddey SF Patrick Williams SG Trey Murphy III UTIL Jeremiah Fears,,,
51,4936808856,hackartist,0,244.75,C Kevon Looney F Kon Knueppel G Tre Jones PF Giannis Antetokounmpo PG Jeremiah Fears SF Patrick Williams SG Trey Murphy III UTIL Josh Giddey,,,
51,4936853521,howudewin,0,244.75,C Kevon Looney F Patrick Williams G Josh Giddey PF Giannis Antetokounmpo PG Tre Jones SF Kon Knueppel SG Trey Murphy III UTIL Jeremiah Fears,,,
51,4936867851,zbark2,0,244.75,C Kevon Looney F Kon Knueppel G Jeremiah Fears PF Giannis Antetokounmpo PG Josh Giddey SF Patrick Williams SG Trey Murphy III UTIL Tre Jones,,,
51,4936910154,bdoz1993,0,244.75,C Kevon Looney F Patrick Williams G Tre Jones PF Giannis Antetokounmpo PG Josh Giddey SF Kon Knueppel SG Trey Murphy III UTIL Jeremiah Fears,,,
51,4936983643,bcorbetterp,0,244.75,C Kevon Looney F Patrick Williams G Josh Giddey PF Giannis Antetokounmpo PG Jeremiah Fears SF Kon Knueppel SG Trey Murphy III UTIL Tre Jones,,,
51,4937005509,tdavis24,0,244.75,C Kevon Looney F Giannis Antetokounmpo G Tre Jones PF Patrick Williams PG Jeremiah Fears SF Kon Knueppel SG Trey Murphy III UTIL Josh Giddey,,,
51,4937057185,Robster01,0,244.75,C Kevon Looney F Kon Knueppel G Tre Jones PF Giannis Antetokounmpo PG Jeremiah Fears SF Patrick Williams SG Trey Murphy III UTIL Josh Giddey,,,
86,4936347849,PurpleDrank,0,237,C Kevon Looney F Saddiq Bey G Jeremiah Fears PF Giannis Antetokounmpo PG Josh Giddey SF Herbert Jones SG Trey Murphy III UTIL Tre Jones,,,
86,4936425640,McNastee,0,237,C Kevon Looney F Saddiq Bey G Tre Jones PF Giannis Antetokounmpo PG Jeremiah Fears SF Herbert Jones SG Trey Murphy III UTIL Josh Giddey,,,
86,4936473146,boiler1315,0,237,C Kevon Looney F Nickeil Alexander-Walker G Jeremiah Fears PF Giannis Antetokounmpo PG Josh Giddey SF Herbert Jones SG Trey Murphy III UTIL Moussa Diabate,,,
86,4936676180,kochy11,0,237,C Kevon Looney F Saddiq Bey G Jeremiah Fears PF Giannis Antetokounmpo PG Josh Giddey SF Herbert Jones SG Trey Murphy III UTIL Tre Jones,,,
86,4936735400,CommunistSpy,0,237,C Moussa Diabate F Herbert Jones G Jeremiah Fears PF Giannis Antetokounmpo PG Josh Giddey SF Nickeil Alexander-Walker SG Trey Murphy III UTIL Kevon Looney,,,
86,4936740138,kvee24,0,237,C Kevon Looney F Nickeil Alexander-Walker G Josh Giddey PF Giannis Antetokounmpo PG Jeremiah Fears SF Herbert Jones SG Trey Murphy III UTIL Moussa Diabate,,,
86,4936824634,rickyvegas2005,0,237,C Moussa Diabate F Nickeil Alexander-Walker G Jeremiah Fears PF Giannis Antetokounmpo PG Josh Giddey SF Herbert Jones SG Trey Murphy III UTIL Kevon Looney,,,
86,4936846865,jtmac1999,0,237,C Moussa Diabate F Nickeil Alexander-Walker G Jeremiah Fears PF Giannis Antetokounmpo PG Josh Giddey SF Herbert Jones SG Trey Murphy III UTIL Kevon Looney,,,
86,4936916095,bmoreirish,0,237,C Moussa Diabate F Nickeil Alexander-Walker G Jeremiah Fears PF Giannis Antetokounmpo PG Josh Giddey SF Herbert Jones SG Trey Murphy III UTIL Kevon Looney,,,
86,4936966754,theheaters,0,237,C Kevon Looney F Nickeil Alexander-Walker G Jeremiah Fears PF Giannis Antetokounmpo PG Josh Giddey SF Herbert Jones SG Trey Murphy III UTIL Moussa Diabate,,,
96,4936293263,CashLineCriminal,0,236.5,C Moussa Diabate F Matas Buzelis G Jeremiah Fears PF Giannis Antetokounmpo PG Josh Giddey SF Herbert Jones SG Trey Murphy III UTIL Kevon Looney,,,
96,4936427409,chrissair,0,236.5,C Moussa Diabate F Matas Buzelis G Jeremiah Fears PF Giannis Antetokounmpo PG Josh Giddey SF Herbert Jones SG Trey Murphy III UTIL Kevon Looney,,,
96,4936518011,sanduska,0,236.5,C Moussa Diabate F Matas Buzelis G Jeremiah Fears PF Giannis Antetokounmpo PG Josh Giddey SF Herbert Jones SG Trey Murphy III UTIL Kevon Looney,,,
96,4936521199,griffalicious24,0,236.5,C Moussa Diabate F Matas Buzelis G Jeremiah Fears PF Giannis Antetokounmpo PG Josh Giddey SF Herbert Jones SG Trey Murphy III UTIL Kevon Looney,,,
96,4936542201,nickenyon6,0,236.5,C Moussa Diabate F Matas Buzelis G Jeremiah Fears PF Giannis Antetokounmpo PG Josh Giddey SF Herbert Jones SG Trey Murphy III UTIL Kevon Looney,,,
96,4936570007,samchoudhury,0,236.5,C Moussa Diabate F Matas Buzelis G Jeremiah Fears PF Giannis Antetokounmpo PG Josh Giddey SF Herbert Jones SG Trey Murphy III UTIL Kevon Looney,,,
96,4936583238,champs21,0,236.5,C Moussa Diabate F Matas Buzelis G Jeremiah Fears PF Giannis Antetokounmpo PG Josh Giddey SF Herbert Jones SG Trey Murphy III UTIL Kevon Looney,,,
96,4936587915,verrill1523,0,236.5,C Moussa Diabate F Matas Buzelis G Jeremiah Fears PF Giannis Antetokounmpo PG Josh Giddey SF Herbert Jones SG Trey Murphy III UTIL Kevon Looney,,,
96,4936607271,bkreider,0,236.5,C Kevon Looney F Matas Buzelis G Josh Giddey PF Giannis Antetokounmpo PG Jeremiah Fears SF Herbert Jones SG Trey Murphy III UTIL Moussa Diabate,,,
96,4936632178,joniver,0,236.5,C Kevon Looney F Matas Buzelis G Jeremiah Fears PF Giannis Antetokounmpo PG Josh Giddey SF Herbert Jones SG Trey Murphy III UTIL Moussa Diabate,,,
96,4936752040,Kenbone7,0,236.5,C Moussa Diabate F Matas Buzelis G Jeremiah Fears PF Giannis Antetokounmpo PG Josh Giddey SF Herbert Jones SG Trey Murphy III UTIL Kevon Looney,,,
96,4936754827,ChatGPP,0,236.5,C Moussa Diabate F Matas Buzelis G Jeremiah Fears PF Giannis Antetokounmpo PG Josh Giddey SF Herbert Jones SG Trey Murphy III UTIL Kevon Looney,,,
96,4936795492,tzshannon,0,236.5,C Moussa Diabate F Matas Buzelis G Jeremiah Fears PF Giannis Antetokounmpo PG Josh Giddey SF Herbert Jones SG Trey Murphy III UTIL Kevon Looney,,,
96,4936827550,AaronJBach,0,236.5,C Moussa Diabate F Matas Buzelis G Jeremiah Fears PF Giannis Antetokounmpo PG Josh Giddey SF Herbert Jones SG Trey Murphy III UTIL Kevon Looney,,,
96,4936886262,fritzruby1,0,236.5,C Moussa Diabate F Matas Buzelis G Josh Giddey PF Giannis Antetokounmpo PG Jeremiah Fears SF Herbert Jones SG Trey Murphy III UTIL Kevon Looney,,,
96,4936934691,cmahon23,0,236.5,C Kevon Looney F Matas Buzelis G Jeremiah Fears PF Giannis Antetokounmpo PG Josh Giddey SF Herbert Jones SG Trey Murphy III UTIL Moussa Diabate,,,
96,4936945201,Will678,0,236.5,C Kevon Looney F Matas Buzelis G Josh Giddey PF Giannis Antetokounmpo PG Jeremiah Fears SF Herbert Jones SG Trey Murphy III UTIL Moussa Diabate,,,
96,4937002908,Terper8,0,236.5,C Moussa Diabate F Matas Buzelis G Jeremiah Fears PF Giannis Antetokounmpo PG Josh Giddey SF Herbert Jones SG Trey Murphy III UTIL Kevon Looney,,,
114,4936910434,jjral11,0,234.5,C Kevon Looney F Patrick Williams G Jeremiah Fears PF Giannis Antetokounmpo PG Josh Giddey SF Kon Knueppel SG Collin Sexton UTIL Tre Jones,,,
114,4937046521,CFree3344,0,234.5,C Kevon Looney F Giannis Antetokounmpo G Tre Jones PF Patrick Williams PG Jeremiah Fears SF Kon Knueppel SG Collin Sexton UTIL Josh Giddey,,,
116,4936905143,runninjewels,0,232.75,C Wendell Carter Jr. F Zaccharie Risacher G AJ Green PF Giannis Antetokounmpo PG Jalen Suggs SF Brandon Ingram SG RJ Barrett UTIL Kevin Huerter,,,
117,4937048197,Vito3Millie,0,231.25,C Ryan Kalkbrenner F Saddiq Bey G Jeremiah Fears PF Giannis Antetokounmpo PG Ryan Rollins SF Brandon Ingram SG RJ Barrett UTIL Sion James,,,
118,4936740641,Zachjarnold,0,221,C Bobby Portis F Nickeil Alexander-Walker G VJ Edgecombe PF Matas Buzelis PG Quentin Grimes SF Brandon Ingram SG Cole Anthony UTIL Kelly Oubre Jr.,,,
119,4936765356,mattrix83,0,220.75,C Kevon Looney F Jalen Johnson G Jeremiah Fears PF Giannis Antetokounmpo PG Tre Jones SF Nickeil Alexander-Walker SG Kon Knueppel UTIL Ryan Kalkbrenner,,,
120,4936586090,enniskar,0,219.75,C Kevon Looney F Kon Knueppel G Tre Jones PF Giannis Antetokounmpo PG Jeremiah Fears SF Herbert Jones SG Trey Murphy III UTIL Nikola Vucevic,,,
121,4936909581,bigcsmiley,0,215,C Kevon Looney F Kon Knueppel G Jeremiah Fears PF Giannis Antetokounmpo PG Tre Jones SF Brandon Ingram SG Dyson Daniels UTIL Wendell Carter Jr.,,,
122,4936984513,RPcaller,0,214.5,C Jalen Smith F Matas Buzelis G Tyrese Maxey PF Giannis Antetokounmpo PG Tre Jones SF Gary Trent Jr. SG Sion James UTIL Jeremiah Fears,,,
123,4936346511,olrat14,0,210.5,C Ryan Kalkbrenner F Herbert Jones G Tre Jones PF Giannis Antetokounmpo PG Jeremiah Fears SF Gary Trent Jr. SG Trey Murphy III UTIL Collin Sexton,,,
124,4937032354,1215bull,0,196.75,C Kevon Looney F Matas Buzelis G Collin Sexton PF Giannis Antetokounmpo PG Jeremiah Fears SF Nickeil Alexander-Walker SG Dyson Daniels UTIL Tre Jones,,,
