Position,Name + ID,Name,ID,Roster Position,Salary,Game Info,TeamAbbrev,AvgPointsPerGame
C,Nikola Jokic (40675900),Nikola Jokic,40675900,C/UTIL,12000,MIA@DEN 11/05/2025 09:00PM ET,DEN,65.38
PF,Anthony Davis (40675902),Anthony Davis,40675902,PF/F/UTIL,10300,NOP@DAL 11/05/2025 08:30PM ET,DAL,42.85
PG,Cade Cunningham (40675905),Cade Cunningham,40675905,PG/G/UTIL,10200,UTA@DET 11/05/2025 07:00PM ET,DET,48.61
PG,Tyrese Maxey (40675908),Tyrese Maxey,40675908,PG/G/UTIL,10000,PHI@CLE 11/05/2025 07:00PM ET,PHI,59.14
PF,Pascal Siakam (40675911),Pascal Siakam,40675911,PF/F/UTIL,9500,BKN@IND 11/05/2025 07:00PM ET,IND,48.96
C,Alperen Sengun (40675914),Alperen Sengun,40675914,C/UTIL,9400,HOU@MEM 11/05/2025 08:00PM ET,HOU,49.79
SG,Donovan Mitchell (40675916),Donovan Mitchell,40675916,SG/G/UTIL,9200,PHI@CLE 11/05/2025 07:00PM ET,CLE,43
PF,Evan Mobley (40675919),Evan Mobley,40675919,PF/F/UTIL,9100,PHI@CLE 11/05/2025 07:00PM ET,CLE,44.36
PG,Ja Morant (40675925),Ja Morant,40675925,PG/G/UTIL,9000,HOU@MEM 11/05/2025 08:00PM ET,MEM,36.75
PF,Julius Randle (40675922),Julius Randle,40675922,PF/F/UTIL,9000,MIN@NYK 11/05/2025 07:30PM ET,MIN,47.43
PF,Zion Williamson (40675931),Zion Williamson,40675931,PF/F/UTIL,8900,NOP@DAL 11/05/2025 08:30PM ET,NOP,41.2
PF,Karl-Anthony Towns (40675928),Karl-Anthony Towns,40675928,PF/F/UTIL,8900,MIN@NYK 11/05/2025 07:30PM ET,NYK,45.79
SG,Anthony Edwards (40675934),Anthony Edwards,40675934,SG/G/UTIL,8900,MIN@NYK 11/05/2025 07:30PM ET,MIN,35.5
PG,Jalen Brunson (40675937),Jalen Brunson,40675937,PG/G/UTIL,8800,MIN@NYK 11/05/2025 07:30PM ET,NYK,44.21
PF/C,Bam Adebayo (40675940),Bam Adebayo,40675940,PF/C/F/UTIL,8600,MIA@DEN 11/05/2025 09:00PM ET,MIA,42.5
PG,Tyler Herro (40675944),Tyler Herro,40675944,PG/G/UTIL,8600,MIA@DEN 11/05/2025 09:00PM ET,MIA,0
SF,Kevin Durant (40675947),Kevin Durant,40675947,SF/F/UTIL,8500,HOU@MEM 11/05/2025 08:00PM ET,HOU,40.62
SF,Jaylen Brown (40675950),Jaylen Brown,40675950,SF/F/UTIL,8400,WAS@BOS 11/05/2025 07:30PM ET,BOS,40.09
PF,Jaren Jackson Jr. (40675953),Jaren Jackson Jr.,40675953,PF/F/UTIL,8200,HOU@MEM 11/05/2025 08:00PM ET,MEM,30.28
SF,Lauri Markkanen (40675956),Lauri Markkanen,40675956,SF/F/UTIL,8100,UTA@DET 11/05/2025 07:00PM ET,UTA,46.61
PG,Darius Garland (40675959),Darius Garland,40675959,PG/G/UTIL,8000,PHI@CLE 11/05/2025 07:00PM ET,CLE,0
PG,Jamal Murray (40675962),Jamal Murray,40675962,PG/G/UTIL,7700,MIA@DEN 11/05/2025 09:00PM ET,DEN,41.58
PG,Amen Thompson (40675965),Amen Thompson,40675965,PG/G/UTIL,7700,HOU@MEM 11/05/2025 08:00PM ET,HOU,33.71
C,Joel Embiid (40675968),Joel Embiid,40675968,C/UTIL,7600,PHI@CLE 11/05/2025 07:00PM ET,PHI,33.95
PG,Derrick White (40675973),Derrick White,40675973,PG/G/UTIL,7500,WAS@BOS 11/05/2025 07:30PM ET,BOS,31.62
SG,VJ Edgecombe (40675970),VJ Edgecombe,40675970,SG/G/UTIL,7500,PHI@CLE 11/05/2025 07:00PM ET,PHI,37.96
PF,Paul George (40675976),Paul George,40675976,PF/F/UTIL,7400,PHI@CLE 11/05/2025 07:00PM ET,PHI,0
C,Jalen Duren (40675979),Jalen Duren,40675979,C/UTIL,7200,UTA@DET 11/05/2025 07:00PM ET,DET,35.68
PG/SG,Keyonte George (40675981),Keyonte George,40675981,PG/SG/G/UTIL,7100,UTA@DET 11/05/2025 07:00PM ET,UTA,42.29
SG,Cam Thomas (40675985),Cam Thomas,40675985,SG/G/UTIL,7100,BKN@IND 11/05/2025 07:00PM ET,BKN,32.11
SF,PJ Washington (40675988),PJ Washington,40675988,SF/F/UTIL,7000,NOP@DAL 11/05/2025 08:30PM ET,DAL,34.14
SG,Trey Murphy III (40675994),Trey Murphy III,40675994,SG/G/UTIL,6900,NOP@DAL 11/05/2025 08:30PM ET,NOP,31.93
SG,Norman Powell (40675997),Norman Powell,40675997,SG/G/UTIL,6900,MIA@DEN 11/05/2025 09:00PM ET,MIA,38.88
PF,Michael Porter Jr. (40675991),Michael Porter Jr.,40675991,PF/F/UTIL,6900,BKN@IND 11/05/2025 07:00PM ET,BKN,37.67
SG,Kyshawn George (40676002),Kyshawn George,40676002,SG/G/UTIL,6800,WAS@BOS 11/05/2025 07:30PM ET,WAS,38.21
PG,Cooper Flagg (40676005),Cooper Flagg,40676005,PG/G/UTIL,6800,NOP@DAL 11/05/2025 08:30PM ET,DAL,28.21
C,Walker Kessler (40676000),Walker Kessler,40676000,C/UTIL,6800,UTA@DET 11/05/2025 07:00PM ET,UTA,38.4
C,Alexandre Sarr (40676008),Alexandre Sarr,40676008,C/UTIL,6700,WAS@BOS 11/05/2025 07:30PM ET,WAS,39.25
C,Rudy Gobert (40676010),Rudy Gobert,40676010,C/UTIL,6700,MIN@NYK 11/05/2025 07:30PM ET,MIN,28.82
PG/SG,Payton Pritchard (40676018),Payton Pritchard,40676018,PG/SG/G/UTIL,6600,WAS@BOS 11/05/2025 07:30PM ET,BOS,31.06
PG,Donte DiVincenzo (40676012),Donte DiVincenzo,40676012,PG/G/UTIL,6600,MIN@NYK 11/05/2025 07:30PM ET,MIN,29.68
SF,OG Anunoby (40676015),OG Anunoby,40676015,SF/F/UTIL,6600,MIN@NYK 11/05/2025 07:30PM ET,NYK,35.21
SF,De'Andre Hunter (40676025),De'Andre Hunter,40676025,SF/F/UTIL,6500,PHI@CLE 11/05/2025 07:00PM ET,CLE,32.2
PF,Andrew Wiggins (40676028),Andrew Wiggins,40676028,PF/F/UTIL,6500,MIA@DEN 11/05/2025 09:00PM ET,MIA,29.25
SG,Mikal Bridges (40676022),Mikal Bridges,40676022,SG/G/UTIL,6500,MIN@NYK 11/05/2025 07:30PM ET,NYK,36.86
PG/SG,Quentin Grimes (40676031),Quentin Grimes,40676031,PG/SG/G/UTIL,6400,PHI@CLE 11/05/2025 07:00PM ET,PHI,33.75
SF,Jaden McDaniels (40676035),Jaden McDaniels,40676035,SF/F/UTIL,6400,MIN@NYK 11/05/2025 07:30PM ET,MIN,31.32
SF,Kelly Oubre Jr. (40676038),Kelly Oubre Jr.,40676038,SF/F/UTIL,6300,PHI@CLE 11/05/2025 07:00PM ET,PHI,34.11
PG/SG,Jordan Poole (40676044),Jordan Poole,40676044,PG/SG/G/UTIL,6300,NOP@DAL 11/05/2025 08:30PM ET,NOP,26.07
SF,Ausar Thompson (40676041),Ausar Thompson,40676041,SF/F/UTIL,6300,UTA@DET 11/05/2025 07:00PM ET,DET,31.14
PF/C,Santi Aldama (40676048),Santi Aldama,40676048,PF/C/F/UTIL,6300,HOU@MEM 11/05/2025 08:00PM ET,MEM,26.66
SG,Bennedict Mathurin (40676052),Bennedict Mathurin,40676052,SG/G/UTIL,6200,BKN@IND 11/05/2025 07:00PM ET,IND,44.25
PG,Andrew Nembhard (40676055),Andrew Nembhard,40676055,PG/G/UTIL,6200,BKN@IND 11/05/2025 07:00PM ET,IND,10.25
PG/SG,D'Angelo Russell (40676061),D'Angelo Russell,40676061,PG/SG/G/UTIL,6100,NOP@DAL 11/05/2025 08:30PM ET,DAL,28.29
PF,Aaron Gordon (40676058),Aaron Gordon,40676058,PF/F/UTIL,6100,MIA@DEN 11/05/2025 09:00PM ET,DEN,32.08
SF,Max Strus (40676065),Max Strus,40676065,SF/F/UTIL,6000,PHI@CLE 11/05/2025 07:00PM ET,CLE,0
SG/SF,Jaime Jaquez Jr. (40676068),Jaime Jaquez Jr.,40676068,SG/SF/F/G/UTIL,6000,MIA@DEN 11/05/2025 09:00PM ET,MIA,33.18
SF,Aaron Nesmith (40676075),Aaron Nesmith,40676075,SF/F/UTIL,5900,BKN@IND 11/05/2025 07:00PM ET,IND,24.57
C,Zach Edey (40676073),Zach Edey,40676073,C/UTIL,5900,HOU@MEM 11/05/2025 08:00PM ET,MEM,0
PG/SG,Jared McCain (40676082),Jared McCain,40676082,PG/SG/G/UTIL,5800,PHI@CLE 11/05/2025 07:00PM ET,PHI,4.25
C,Jarrett Allen (40676086),Jarrett Allen,40676086,C/UTIL,5800,PHI@CLE 11/05/2025 07:00PM ET,CLE,28.25
PF,Tobias Harris (40676088),Tobias Harris,40676088,PF/F/UTIL,5800,UTA@DET 11/05/2025 07:00PM ET,DET,27.25
SF/PF,Jarace Walker (40676078),Jarace Walker,40676078,SF/PF/F/UTIL,5800,BKN@IND 11/05/2025 07:00PM ET,IND,28.29
PG,CJ McCollum (40676099),CJ McCollum,40676099,PG/G/UTIL,5700,WAS@BOS 11/05/2025 07:30PM ET,WAS,23.82
PG,Davion Mitchell (40676096),Davion Mitchell,40676096,PG/G/UTIL,5700,MIA@DEN 11/05/2025 09:00PM ET,MIA,26.21
SG/SF,Cedric Coward (40676091),Cedric Coward,40676091,SG/SF/F/G/UTIL,5700,HOU@MEM 11/05/2025 08:00PM ET,MEM,28.44
PG,Isaiah Collier (40676104),Isaiah Collier,40676104,PG/G/UTIL,5600,UTA@DET 11/05/2025 07:00PM ET,UTA,0
C,Nic Claxton (40676102),Nic Claxton,40676102,C/UTIL,5600,BKN@IND 11/05/2025 07:00PM ET,BKN,30.11
PF,Jabari Smith Jr. (40676107),Jabari Smith Jr.,40676107,PF/F/UTIL,5600,HOU@MEM 11/05/2025 08:00PM ET,HOU,29.6
PF,Bilal Coulibaly (40676110),Bilal Coulibaly,40676110,PF/F/UTIL,5500,WAS@BOS 11/05/2025 07:30PM ET,WAS,30.58
PG,Ty Jerome (40676113),Ty Jerome,40676113,PG/G/UTIL,5500,HOU@MEM 11/05/2025 08:00PM ET,MEM,0
SF/PF,Josh Hart (40676116),Josh Hart,40676116,SF/PF/F/UTIL,5500,MIN@NYK 11/05/2025 07:30PM ET,NYK,21.46
PG/SG,Quenton Jackson (40676124),Quenton Jackson,40676124,PG/SG/G/UTIL,5400,BKN@IND 11/05/2025 07:00PM ET,IND,24.15
PF/C,Naz Reid (40676120),Naz Reid,40676120,PF/C/F/UTIL,5400,MIN@NYK 11/05/2025 07:30PM ET,MIN,25.21
C,Jusuf Nurkic (40676128),Jusuf Nurkic,40676128,C/UTIL,5300,UTA@DET 11/05/2025 07:00PM ET,UTA,24.07
PF/C,Isaiah Stewart (40676130),Isaiah Stewart,40676130,PF/C/F/UTIL,5200,UTA@DET 11/05/2025 07:00PM ET,DET,29.18
PF/C,Obi Toppin (40676134),Obi Toppin,40676134,PF/C/F/UTIL,5200,BKN@IND 11/05/2025 07:00PM ET,IND,26.33
SF/PF,Tari Eason (40676138),Tari Eason,40676138,SF/PF/F/UTIL,5200,HOU@MEM 11/05/2025 08:00PM ET,HOU,24.46
PG/SG,Anfernee Simons (40676142),Anfernee Simons,40676142,PG/SG/G/UTIL,5100,WAS@BOS 11/05/2025 07:30PM ET,BOS,21.5
SF,Khris Middleton (40676148),Khris Middleton,40676148,SF/F/UTIL,5100,WAS@BOS 11/05/2025 07:30PM ET,WAS,21.96
C,Kel'el Ware (40676146),Kel'el Ware,40676146,C/UTIL,5100,MIA@DEN 11/05/2025 09:00PM ET,MIA,21.79
SF,Jaylen Wells (40676151),Jaylen Wells,40676151,SF/F/UTIL,5100,HOU@MEM 11/05/2025 08:00PM ET,MEM,18.06
SG/SF,Jaylon Tyson (40676154),Jaylon Tyson,40676154,SG/SF/F/G/UTIL,5000,PHI@CLE 11/05/2025 07:00PM ET,CLE,20.04
C,Andre Drummond (40676171),Andre Drummond,40676171,C/UTIL,5000,PHI@CLE 11/05/2025 07:00PM ET,PHI,17.08
PG,Jeremiah Fears (40676162),Jeremiah Fears,40676162,PG/G/UTIL,5000,NOP@DAL 11/05/2025 08:30PM ET,NOP,23.86
SG,Christian Braun (40676159),Christian Braun,40676159,SG/G/UTIL,5000,MIA@DEN 11/05/2025 09:00PM ET,DEN,22.79
PG,T.J. McConnell (40676165),T.J. McConnell,40676165,PG/G/UTIL,5000,BKN@IND 11/05/2025 07:00PM ET,IND,0
SG,Kentavious Caldwell-Pope (40676168),Kentavious Caldwell-Pope,40676168,SG/G/UTIL,5000,HOU@MEM 11/05/2025 08:00PM ET,MEM,20.41
C,Yves Missi (40676175),Yves Missi,40676175,C/UTIL,4900,NOP@DAL 11/05/2025 08:30PM ET,NOP,20.15
C,Dereck Lively II (40676177),Dereck Lively II,40676177,C/UTIL,4900,NOP@DAL 11/05/2025 08:30PM ET,DAL,19.25
PF,Kyle Filipowski (40676179),Kyle Filipowski,40676179,PF/F/UTIL,4900,UTA@DET 11/05/2025 07:00PM ET,UTA,17.11
PG/SG,Caris LeVert (40676185),Caris LeVert,40676185,PG/SG/G/UTIL,4900,UTA@DET 11/05/2025 07:00PM ET,DET,10.62
SF,Cameron Johnson (40676182),Cameron Johnson,40676182,SF/F/UTIL,4900,MIA@DEN 11/05/2025 09:00PM ET,DEN,16.12
C,Jock Landale (40676173),Jock Landale,40676173,C/UTIL,4900,HOU@MEM 11/05/2025 08:00PM ET,MEM,22.19
SG/SF,Max Christie (40676189),Max Christie,40676189,SG/SF/F/G/UTIL,4800,NOP@DAL 11/05/2025 08:30PM ET,DAL,21.68
PG,RayJ Dennis (40676197),RayJ Dennis,40676197,PG/G/UTIL,4800,BKN@IND 11/05/2025 07:00PM ET,IND,19.38
PG,Scotty Pippen Jr. (40676194),Scotty Pippen Jr.,40676194,PG/G/UTIL,4800,HOU@MEM 11/05/2025 08:00PM ET,MEM,0
PF,Josh Minott (40676202),Josh Minott,40676202,PF/F/UTIL,4700,WAS@BOS 11/05/2025 07:30PM ET,BOS,22.54
SG,Sam Merrill (40676211),Sam Merrill,40676211,SG/G/UTIL,4700,PHI@CLE 11/05/2025 07:00PM ET,CLE,26.38
C,Daniel Gafford (40676200),Daniel Gafford,40676200,C/UTIL,4700,NOP@DAL 11/05/2025 08:30PM ET,DAL,23.5
SF,Herbert Jones (40676205),Herbert Jones,40676205,SF/F/UTIL,4700,NOP@DAL 11/05/2025 08:30PM ET,NOP,20.54
SG/SF,Ben Sheppard (40676214),Ben Sheppard,40676214,SG/SF/F/G/UTIL,4700,BKN@IND 11/05/2025 07:00PM ET,IND,17.93
PG,Mike Conley (40676208),Mike Conley,40676208,PG/G/UTIL,4700,MIN@NYK 11/05/2025 07:30PM ET,MIN,18.29
C,Isaiah Jackson (40676219),Isaiah Jackson,40676219,C/UTIL,4600,BKN@IND 11/05/2025 07:00PM ET,IND,17.36
C,Neemias Queta (40676221),Neemias Queta,40676221,C/UTIL,4500,WAS@BOS 11/05/2025 07:30PM ET,BOS,23.84
PG/SG,Lonzo Ball (40676223),Lonzo Ball,40676223,PG/SG/G/UTIL,4500,PHI@CLE 11/05/2025 07:00PM ET,CLE,20.5
C,Adem Bona (40676230),Adem Bona,40676230,C/UTIL,4500,PHI@CLE 11/05/2025 07:00PM ET,PHI,10.86
SG,Duncan Robinson (40676227),Duncan Robinson,40676227,SG/G/UTIL,4500,UTA@DET 11/05/2025 07:00PM ET,DET,19.43
SG/SF,Ace Bailey (40676234),Ace Bailey,40676234,SG/SF/F/G/UTIL,4500,UTA@DET 11/05/2025 07:00PM ET,UTA,10.71
C,Mitchell Robinson (40676232),Mitchell Robinson,40676232,C/UTIL,4500,MIN@NYK 11/05/2025 07:30PM ET,NYK,16
PG/SG,Tre Johnson (40676249),Tre Johnson,40676249,PG/SG/G/UTIL,4400,WAS@BOS 11/05/2025 07:30PM ET,WAS,21.64
PF/C,Dominick Barlow (40676239),Dominick Barlow,40676239,PF/C/F/UTIL,4400,PHI@CLE 11/05/2025 07:00PM ET,PHI,19
SF/PF,Dean Wade (40676243),Dean Wade,40676243,SF/PF/F/UTIL,4400,PHI@CLE 11/05/2025 07:00PM ET,CLE,17.21
C,Nikola Jovic (40676253),Nikola Jovic,40676253,C/UTIL,4400,MIA@DEN 11/05/2025 09:00PM ET,MIA,18.43
C,Brandon Clarke (40676247),Brandon Clarke,40676247,C/UTIL,4400,HOU@MEM 11/05/2025 08:00PM ET,MEM,0
PG,Miles McBride (40676255),Miles McBride,40676255,PG/G/UTIL,4400,MIN@NYK 11/05/2025 07:30PM ET,NYK,19.65
SG/SF,Pelle Larsson (40676265),Pelle Larsson,40676265,SG/SF/F/G/UTIL,4300,MIA@DEN 11/05/2025 09:00PM ET,MIA,15.57
SF,Terance Mann (40676258),Terance Mann,40676258,SF/F/UTIL,4300,BKN@IND 11/05/2025 07:00PM ET,BKN,23.71
PG,Egor Demin (40676270),Egor Demin,40676270,PG/G/UTIL,4300,BKN@IND 11/05/2025 07:00PM ET,BKN,15.83
PG/SG,Reed Sheppard (40676261),Reed Sheppard,40676261,PG/SG/G/UTIL,4300,HOU@MEM 11/05/2025 08:00PM ET,HOU,20.92
SF/PF,Sam Hauser (40676273),Sam Hauser,40676273,SF/PF/F/UTIL,4200,WAS@BOS 11/05/2025 07:30PM ET,BOS,18.41
PF/C,Larry Nance Jr. (40676282),Larry Nance Jr.,40676282,PF/C/F/UTIL,4200,PHI@CLE 11/05/2025 07:00PM ET,CLE,12.29
SG/SF,Brice Sensabaugh (40676277),Brice Sensabaugh,40676277,SG/SF/F/G/UTIL,4200,UTA@DET 11/05/2025 07:00PM ET,UTA,15
SG,Svi Mykhailiuk (40676290),Svi Mykhailiuk,40676290,SG/G/UTIL,4200,UTA@DET 11/05/2025 07:00PM ET,UTA,15.32
PG/SG,Tyrese Martin (40676286),Tyrese Martin,40676286,PG/SG/G/UTIL,4200,BKN@IND 11/05/2025 07:00PM ET,BKN,15.71
PG,Craig Porter Jr. (40676295),Craig Porter Jr.,40676295,PG/G/UTIL,4100,PHI@CLE 11/05/2025 07:00PM ET,CLE,16.61
PF/C,Trendon Watford (40676316),Trendon Watford,40676316,PF/C/F/UTIL,4100,PHI@CLE 11/05/2025 07:00PM ET,PHI,16.56
SF/PF,Saddiq Bey (40676303),Saddiq Bey,40676303,SF/PF/F/UTIL,4100,NOP@DAL 11/05/2025 08:30PM ET,NOP,17.57
SG,Klay Thompson (40676307),Klay Thompson,40676307,SG/G/UTIL,4100,NOP@DAL 11/05/2025 08:30PM ET,DAL,15.61
SG/SF,Ziaire Williams (40676298),Ziaire Williams,40676298,SG/SF/F/G/UTIL,4100,BKN@IND 11/05/2025 07:00PM ET,BKN,18.85
C,Steven Adams (40676293),Steven Adams,40676293,C/UTIL,4100,HOU@MEM 11/05/2025 08:00PM ET,HOU,24.04
PF,Vince Williams Jr. (40676310),Vince Williams Jr.,40676310,PF/F/UTIL,4100,HOU@MEM 11/05/2025 08:00PM ET,MEM,18.25
SG,Josh Okogie (40676313),Josh Okogie,40676313,SG/G/UTIL,4100,HOU@MEM 11/05/2025 08:00PM ET,HOU,15.25
PG,Bub Carrington (40676337),Bub Carrington,40676337,PG/G/UTIL,4000,WAS@BOS 11/05/2025 07:30PM ET,WAS,18.57
SF/PF,Naji Marshall (40676333),Naji Marshall,40676333,SF/PF/F/UTIL,4000,NOP@DAL 11/05/2025 08:30PM ET,DAL,15.82
SF/PF,Ronald Holland II (40676324),Ronald Holland II,40676324,SF/PF/F/UTIL,4000,UTA@DET 11/05/2025 07:00PM ET,DET,21.32
PF/C,Noah Clowney (40676320),Noah Clowney,40676320,PF/C/F/UTIL,4000,BKN@IND 11/05/2025 07:00PM ET,BKN,14.11
C,Day'Ron Sharpe (40676328),Day'Ron Sharpe,40676328,C/UTIL,4000,BKN@IND 11/05/2025 07:00PM ET,BKN,17.86
PG,Javon Small (40676330),Javon Small,40676330,PG/G/UTIL,4000,HOU@MEM 11/05/2025 08:00PM ET,MEM,12.67
PG,Walter Clayton Jr. (40676340),Walter Clayton Jr.,40676340,PG/G/UTIL,3800,UTA@DET 11/05/2025 07:00PM ET,UTA,15.93
SF/PF,Simone Fontecchio (40676343),Simone Fontecchio,40676343,SF/PF/F/UTIL,3800,MIA@DEN 11/05/2025 09:00PM ET,MIA,20.14
SG/SF,Jaylen Clark (40676347),Jaylen Clark,40676347,SG/SF/F/G/UTIL,3800,MIN@NYK 11/05/2025 07:30PM ET,MIN,12.05
PF/C,Derik Queen (40676356),Derik Queen,40676356,PF/C/F/UTIL,3700,NOP@DAL 11/05/2025 08:30PM ET,NOP,18.82
PG,Brandon Williams (40676360),Brandon Williams,40676360,PG/G/UTIL,3700,NOP@DAL 11/05/2025 08:30PM ET,DAL,12.65
PG/SG,Marcus Sasser (40676363),Marcus Sasser,40676363,PG/SG/G/UTIL,3700,UTA@DET 11/05/2025 07:00PM ET,DET,0
SF/PF,Taylor Hendricks (40676372),Taylor Hendricks,40676372,SF/PF/F/UTIL,3700,UTA@DET 11/05/2025 07:00PM ET,UTA,12.11
SG/SF,Tim Hardaway Jr. (40676367),Tim Hardaway Jr.,40676367,SG/SF/F/G/UTIL,3700,MIA@DEN 11/05/2025 09:00PM ET,DEN,16.17
PG/SG,Cam Spencer (40676352),Cam Spencer,40676352,PG/SG/G/UTIL,3700,HOU@MEM 11/05/2025 08:00PM ET,MEM,17.62
SG/SF,Terrence Shannon Jr. (40676376),Terrence Shannon Jr.,40676376,SG/SF/F/G/UTIL,3700,MIN@NYK 11/05/2025 07:30PM ET,MIN,9.61
C,Luka Garza (40676390),Luka Garza,40676390,C/UTIL,3600,WAS@BOS 11/05/2025 07:30PM ET,BOS,12.75
SF/PF,Cam Whitmore (40676392),Cam Whitmore,40676392,SF/PF/F/UTIL,3600,WAS@BOS 11/05/2025 07:30PM ET,WAS,14.79
PF/C,Dwight Powell (40676396),Dwight Powell,40676396,PF/C/F/UTIL,3600,NOP@DAL 11/05/2025 08:30PM ET,DAL,9
C,Jonas Valanciunas (40676381),Jonas Valanciunas,40676381,C/UTIL,3600,MIA@DEN 11/05/2025 09:00PM ET,DEN,17.33
C,Tony Bradley (40676383),Tony Bradley,40676383,C/UTIL,3600,BKN@IND 11/05/2025 07:00PM ET,IND,11.04
SG/SF,Jalen Wilson (40676400),Jalen Wilson,40676400,SG/SF/F/G/UTIL,3600,BKN@IND 11/05/2025 07:00PM ET,BKN,9.88
SG/SF,John Konchar (40676385),John Konchar,40676385,SG/SF/F/G/UTIL,3600,HOU@MEM 11/05/2025 08:00PM ET,MEM,11.04
SG/SF,Baylor Scheierman (40676430),Baylor Scheierman,40676430,SG/SF/F/G/UTIL,3500,WAS@BOS 11/05/2025 07:30PM ET,BOS,7.64
SF/PF,Justin Champagnie (40676454),Justin Champagnie,40676454,SF/PF/F/UTIL,3500,WAS@BOS 11/05/2025 07:30PM ET,WAS,4.46
PG,Tyrese Proctor (40676409),Tyrese Proctor,40676409,PG/G/UTIL,3500,PHI@CLE 11/05/2025 07:00PM ET,CLE,7.08
SF/PF,Jabari Walker (40676439),Jabari Walker,40676439,SF/PF/F/UTIL,3500,PHI@CLE 11/05/2025 07:00PM ET,PHI,8.68
PF/C,Karlo Matkovic (40676416),Karlo Matkovic,40676416,PF/C/F/UTIL,3500,NOP@DAL 11/05/2025 08:30PM ET,NOP,7.6
PF/C,Moussa Cisse (40676450),Moussa Cisse,40676450,PF/C/F/UTIL,3500,NOP@DAL 11/05/2025 08:30PM ET,DAL,3.17
C,Kevin Love (40676443),Kevin Love,40676443,C/UTIL,3500,UTA@DET 11/05/2025 07:00PM ET,UTA,16.75
SG/SF,Javonte Green (40676445),Javonte Green,40676445,SG/SF/F/G/UTIL,3500,UTA@DET 11/05/2025 07:00PM ET,DET,13.04
SF/PF,Peyton Watson (40676412),Peyton Watson,40676412,SF/PF/F/UTIL,3500,MIA@DEN 11/05/2025 09:00PM ET,DEN,15.75
PG/SG,Dru Smith (40676422),Dru Smith,40676422,PG/SG/G/UTIL,3500,MIA@DEN 11/05/2025 09:00PM ET,MIA,15.93
PF/C,Danny Wolf (40676435),Danny Wolf,40676435,PF/C/F/UTIL,3500,BKN@IND 11/05/2025 07:00PM ET,BKN,4.25
SF/PF,Dorian Finney-Smith (40676405),Dorian Finney-Smith,40676405,SF/PF/F/UTIL,3500,HOU@MEM 11/05/2025 08:00PM ET,HOU,0
C,Clint Capela (40676420),Clint Capela,40676420,C/UTIL,3500,HOU@MEM 11/05/2025 08:00PM ET,HOU,12.08
PF/C,Guerschon Yabusele (40676426),Guerschon Yabusele,40676426,PF/C/F/UTIL,3500,MIN@NYK 11/05/2025 07:30PM ET,NYK,6.17
SG/SF,Corey Kispert (40676458),Corey Kispert,40676458,SG/SF/F/G/UTIL,3400,WAS@BOS 11/05/2025 07:30PM ET,WAS,14.46
PF/C,Chris Boucher (40676481),Chris Boucher,40676481,PF/C/F/UTIL,3400,WAS@BOS 11/05/2025 07:30PM ET,BOS,8.08
PG,Jaden Hardy (40676478),Jaden Hardy,40676478,PG/G/UTIL,3400,NOP@DAL 11/05/2025 08:30PM ET,DAL,7.75
SF,Kyle Anderson (40676463),Kyle Anderson,40676463,SF/F/UTIL,3400,UTA@DET 11/05/2025 07:00PM ET,UTA,12.62
PG,Daniss Jenkins (40676466),Daniss Jenkins,40676466,PG/G/UTIL,3400,UTA@DET 11/05/2025 07:00PM ET,DET,7.5
PF/C,Jay Huff (40676469),Jay Huff,40676469,PF/C/F/UTIL,3400,BKN@IND 11/05/2025 07:00PM ET,IND,10.68
PG,Ben Saraf (40676475),Ben Saraf,40676475,PG/G/UTIL,3400,BKN@IND 11/05/2025 07:00PM ET,BKN,10.17
SG/SF,Johnny Furphy (40676485),Johnny Furphy,40676485,SG/SF/F/G/UTIL,3400,BKN@IND 11/05/2025 07:00PM ET,IND,6.33
C,Charles Bassey (40676473),Charles Bassey,40676473,C/UTIL,3400,HOU@MEM 11/05/2025 08:00PM ET,MEM,20.5
SG/SF,Hugo Gonzalez (40676513),Hugo Gonzalez,40676513,SG/SF/F/G/UTIL,3300,WAS@BOS 11/05/2025 07:30PM ET,BOS,9.17
SF,Luke Travers (40676498),Luke Travers,40676498,SF/F/UTIL,3300,PHI@CLE 11/05/2025 07:00PM ET,CLE,4.25
PG,Jose Alvarado (40676510),Jose Alvarado,40676510,PG/G/UTIL,3300,NOP@DAL 11/05/2025 08:30PM ET,NOP,13.75
PG,EJ Harkless (40676521),EJ Harkless,40676521,PG/G/UTIL,3300,UTA@DET 11/05/2025 07:00PM ET,UTA,8.33
PG/SG,Bruce Brown (40676490),Bruce Brown,40676490,PG/SG/G/UTIL,3300,MIA@DEN 11/05/2025 09:00PM ET,DEN,16.83
PG/SG,Mac McClung (40676494),Mac McClung,40676494,PG/SG/G/UTIL,3300,BKN@IND 11/05/2025 07:00PM ET,IND,12.5
PG/SG,Jordan Clarkson (40676501),Jordan Clarkson,40676501,PG/SG/G/UTIL,3300,MIN@NYK 11/05/2025 07:30PM ET,NYK,13.86
SG/SF,Landry Shamet (40676505),Landry Shamet,40676505,SG/SF/F/G/UTIL,3300,MIN@NYK 11/05/2025 07:30PM ET,NYK,12.86
PG,Rob Dillingham (40676518),Rob Dillingham,40676518,PG/G/UTIL,3300,MIN@NYK 11/05/2025 07:30PM ET,MIN,9.9
C,Marvin Bagley III (40676533),Marvin Bagley III,40676533,C/UTIL,3200,WAS@BOS 11/05/2025 07:30PM ET,WAS,15.43
PF/C,Xavier Tillman (40676535),Xavier Tillman,40676535,PF/C/F/UTIL,3200,WAS@BOS 11/05/2025 07:30PM ET,BOS,7.96
C,Thomas Bryant (40676524),Thomas Bryant,40676524,C/UTIL,3200,PHI@CLE 11/05/2025 07:00PM ET,CLE,5.75
SF,Justin Edwards (40676526),Justin Edwards,40676526,SF/F/UTIL,3200,PHI@CLE 11/05/2025 07:00PM ET,PHI,6.42
C,Kevon Looney (40676539),Kevon Looney,40676539,C/UTIL,3200,NOP@DAL 11/05/2025 08:30PM ET,NOP,10.12
PG/SG,Bones Hyland (40676529),Bones Hyland,40676529,PG/SG/G/UTIL,3200,MIN@NYK 11/05/2025 07:30PM ET,MIN,9
SF,Jordan Walsh (40676554),Jordan Walsh,40676554,SF/F/UTIL,3100,WAS@BOS 11/05/2025 07:30PM ET,BOS,4.38
SF/PF,Will Riley (40676557),Will Riley,40676557,SF/PF/F/UTIL,3100,WAS@BOS 11/05/2025 07:30PM ET,WAS,6.12
SF/PF,Caleb Martin (40676541),Caleb Martin,40676541,SF/PF/F/UTIL,3100,NOP@DAL 11/05/2025 08:30PM ET,DAL,5.29
C,DeAndre Jordan (40676545),DeAndre Jordan,40676545,C/UTIL,3100,NOP@DAL 11/05/2025 08:30PM ET,NOP,10.5
SG/SF,Jordan Hawkins (40676547),Jordan Hawkins,40676547,SG/SF/F/G/UTIL,3100,NOP@DAL 11/05/2025 08:30PM ET,NOP,6.62
C,Hunter Dickinson (40676552),Hunter Dickinson,40676552,C/UTIL,3100,NOP@DAL 11/05/2025 08:30PM ET,NOP,3
SF,Ron Harper Jr. (40676673),Ron Harper Jr.,40676673,SF/F/UTIL,3000,WAS@BOS 11/05/2025 07:30PM ET,BOS,5.12
C,Amari Williams (40676676),Amari Williams,40676676,C/UTIL,3000,WAS@BOS 11/05/2025 07:30PM ET,BOS,4
PG,Max Shulga (40676678),Max Shulga,40676678,PG/G/UTIL,3000,WAS@BOS 11/05/2025 07:30PM ET,BOS,0
PF,Jayson Tatum (40676681),Jayson Tatum,40676681,PF/F/UTIL,3000,WAS@BOS 11/05/2025 07:30PM ET,BOS,0
PG,Sharife Cooper (40676805),Sharife Cooper,40676805,PG/G/UTIL,3000,WAS@BOS 11/05/2025 07:30PM ET,WAS,-0.25
C,Anthony Gill (40676808),Anthony Gill,40676808,C/UTIL,3000,WAS@BOS 11/05/2025 07:30PM ET,WAS,2.62
C,Tristan Vukcevic (40676810),Tristan Vukcevic,40676810,C/UTIL,3000,WAS@BOS 11/05/2025 07:30PM ET,WAS,5.21
SG/SF,Malaki Branham (40676812),Malaki Branham,40676812,SG/SF/F/G/UTIL,3000,WAS@BOS 11/05/2025 07:30PM ET,WAS,6.75
SG,Jamir Watkins (40676817),Jamir Watkins,40676817,SG/G/UTIL,3000,WAS@BOS 11/05/2025 07:30PM ET,WAS,0
PG/SG,AJ Johnson (40676820),AJ Johnson,40676820,PG/SG/G/UTIL,3000,WAS@BOS 11/05/2025 07:30PM ET,WAS,1.2
PF/C,Nae'Qwan Tomlin (40676579),Nae'Qwan Tomlin,40676579,PF/C/F/UTIL,3000,PHI@CLE 11/05/2025 07:00PM ET,CLE,0
SF/PF,Chris Livingston (40676583),Chris Livingston,40676583,SF/PF/F/UTIL,3000,PHI@CLE 11/05/2025 07:00PM ET,CLE,0
PG/SG,Kyle Lowry (40676703),Kyle Lowry,40676703,PG/SG/G/UTIL,3000,PHI@CLE 11/05/2025 07:00PM ET,PHI,7
SG,Hunter Sallis (40676707),Hunter Sallis,40676707,SG/G/UTIL,3000,PHI@CLE 11/05/2025 07:00PM ET,PHI,2.12
PF,Johni Broome (40676710),Johni Broome,40676710,PF/F/UTIL,3000,PHI@CLE 11/05/2025 07:00PM ET,PHI,8
SG/SF,Eric Gordon (40676713),Eric Gordon,40676713,SG/SF/F/G/UTIL,3000,PHI@CLE 11/05/2025 07:00PM ET,PHI,5.25
PG,Ryan Nembhard (40676587),Ryan Nembhard,40676587,PG/G/UTIL,3000,NOP@DAL 11/05/2025 08:30PM ET,DAL,5.42
SG,Miles Kelly (40676590),Miles Kelly,40676590,SG/G/UTIL,3000,NOP@DAL 11/05/2025 08:30PM ET,DAL,-0.5
PG,Dante Exum (40676593),Dante Exum,40676593,PG/G/UTIL,3000,NOP@DAL 11/05/2025 08:30PM ET,DAL,0
PG,Kyrie Irving (40676596),Kyrie Irving,40676596,PG/G/UTIL,3000,NOP@DAL 11/05/2025 08:30PM ET,DAL,0
SG/SF,Micah Peavy (40676718),Micah Peavy,40676718,SG/SF/F/G/UTIL,3000,NOP@DAL 11/05/2025 08:30PM ET,NOP,6.5
SG/SF,Bryce McGowens (40676723),Bryce McGowens,40676723,SG/SF/F/G/UTIL,3000,NOP@DAL 11/05/2025 08:30PM ET,NOP,2.83
PG/SG,Trey Alexander (40676728),Trey Alexander,40676728,PG/SG/G/UTIL,3000,NOP@DAL 11/05/2025 08:30PM ET,NOP,0
PG/SG,Dejounte Murray (40676732),Dejounte Murray,40676732,PG/SG/G/UTIL,3000,NOP@DAL 11/05/2025 08:30PM ET,NOP,0
PF,Cody Williams (40676561),Cody Williams,40676561,PF/F/UTIL,3000,UTA@DET 11/05/2025 07:00PM ET,UTA,5.38
SF,Colby Jones (40676599),Colby Jones,40676599,SF/F/UTIL,3000,UTA@DET 11/05/2025 07:00PM ET,DET,10
C,Paul Reed (40676602),Paul Reed,40676602,C/UTIL,3000,UTA@DET 11/05/2025 07:00PM ET,DET,9.7
SG,Chaz Lanier (40676604),Chaz Lanier,40676604,SG/G/UTIL,3000,UTA@DET 11/05/2025 07:00PM ET,DET,3.65
C,Tolu Smith (40676607),Tolu Smith,40676607,C/UTIL,3000,UTA@DET 11/05/2025 07:00PM ET,DET,17.5
SF/PF,Bobi Klintman (40676609),Bobi Klintman,40676609,SF/PF/F/UTIL,3000,UTA@DET 11/05/2025 07:00PM ET,DET,9.75
PG,Jaden Ivey (40676613),Jaden Ivey,40676613,PG/G/UTIL,3000,UTA@DET 11/05/2025 07:00PM ET,DET,0
C,Oscar Tshiebwe (40676736),Oscar Tshiebwe,40676736,C/UTIL,3000,UTA@DET 11/05/2025 07:00PM ET,UTA,0
SG,John Tonje (40676738),John Tonje,40676738,SG/G/UTIL,3000,UTA@DET 11/05/2025 07:00PM ET,UTA,0
PF,Georges Niang (40676741),Georges Niang,40676741,PF/F/UTIL,3000,UTA@DET 11/05/2025 07:00PM ET,UTA,0
PF,Hunter Tyson (40676626),Hunter Tyson,40676626,PF/F/UTIL,3000,MIA@DEN 11/05/2025 09:00PM ET,DEN,3.12
SG,Tamar Bates (40676629),Tamar Bates,40676629,SG/G/UTIL,3000,MIA@DEN 11/05/2025 09:00PM ET,DEN,0
SG/SF,Spencer Jones (40676632),Spencer Jones,40676632,SG/SF/F/G/UTIL,3000,MIA@DEN 11/05/2025 09:00PM ET,DEN,1.31
C,DaRon Holmes II (40676637),DaRon Holmes II,40676637,C/UTIL,3000,MIA@DEN 11/05/2025 09:00PM ET,DEN,1.75
PG,Jalen Pickett (40676639),Jalen Pickett,40676639,PG/G/UTIL,3000,MIA@DEN 11/05/2025 09:00PM ET,DEN,5.67
PF/C,Zeke Nnaji (40676642),Zeke Nnaji,40676642,PF/C/F/UTIL,3000,MIA@DEN 11/05/2025 09:00PM ET,DEN,2.75
SG/SF,Julian Strawther (40676646),Julian Strawther,40676646,SG/SF/F/G/UTIL,3000,MIA@DEN 11/05/2025 09:00PM ET,DEN,5.25
PG,Curtis Jones (40676651),Curtis Jones,40676651,PG/G/UTIL,3000,MIA@DEN 11/05/2025 09:00PM ET,DEN,0
PG,Jahmir Young (40676769),Jahmir Young,40676769,PG/G/UTIL,3000,MIA@DEN 11/05/2025 09:00PM ET,MIA,2.88
SG/SF,Myron Gardner (40676772),Myron Gardner,40676772,SG/SF/F/G/UTIL,3000,MIA@DEN 11/05/2025 09:00PM ET,MIA,6.25
C,Vladislav Goldin (40676777),Vladislav Goldin,40676777,C/UTIL,3000,MIA@DEN 11/05/2025 09:00PM ET,MIA,0
SF,Keshad Johnson (40676779),Keshad Johnson,40676779,SF/F/UTIL,3000,MIA@DEN 11/05/2025 09:00PM ET,MIA,6.62
PG,Kasparas Jakucionis (40676782),Kasparas Jakucionis,40676782,PG/G/UTIL,3000,MIA@DEN 11/05/2025 09:00PM ET,MIA,0
PF/C,Jeremiah Robinson-Earl (40676564),Jeremiah Robinson-Earl,40676564,PF/C/F/UTIL,3000,BKN@IND 11/05/2025 07:00PM ET,IND,2.25
PG/SG,Taelon Peter (40676568),Taelon Peter,40676568,PG/SG/G/UTIL,3000,BKN@IND 11/05/2025 07:00PM ET,IND,3.45
PG/SG,Kam Jones (40676572),Kam Jones,40676572,PG/SG/G/UTIL,3000,BKN@IND 11/05/2025 07:00PM ET,IND,0
PG,Tyrese Haliburton (40676576),Tyrese Haliburton,40676576,PG/G/UTIL,3000,BKN@IND 11/05/2025 07:00PM ET,IND,0
PF/C,E.J. Liddell (40676684),E.J. Liddell,40676684,PF/C/F/UTIL,3000,BKN@IND 11/05/2025 07:00PM ET,BKN,6.38
PG,Tyson Etienne (40676688),Tyson Etienne,40676688,PG/G/UTIL,3000,BKN@IND 11/05/2025 07:00PM ET,BKN,0
PG,Nolan Traore (40676691),Nolan Traore,40676691,PG/G/UTIL,3000,BKN@IND 11/05/2025 07:00PM ET,BKN,6.08
SG/SF,Drake Powell (40676694),Drake Powell,40676694,SG/SF/F/G/UTIL,3000,BKN@IND 11/05/2025 07:00PM ET,BKN,4.75
SF/PF,Haywood Highsmith (40676699),Haywood Highsmith,40676699,SF/PF/F/UTIL,3000,BKN@IND 11/05/2025 07:00PM ET,BKN,0
C,PJ Hall (40676616),PJ Hall,40676616,C/UTIL,3000,HOU@MEM 11/05/2025 08:00PM ET,MEM,5.33
SF/PF,Olivier-Maxence Prosper (40676618),Olivier-Maxence Prosper,40676618,SF/PF/F/UTIL,3000,HOU@MEM 11/05/2025 08:00PM ET,MEM,9.25
SF/PF,Gregory Jackson (40676622),Gregory Jackson,40676622,SF/PF/F/UTIL,3000,HOU@MEM 11/05/2025 08:00PM ET,MEM,4.75
PG/SG,Aaron Holiday (40676744),Aaron Holiday,40676744,PG/SG/G/UTIL,3000,HOU@MEM 11/05/2025 08:00PM ET,HOU,6.75
PF/C,Jeff Green (40676748),Jeff Green,40676748,PF/C/F/UTIL,3000,HOU@MEM 11/05/2025 08:00PM ET,HOU,6.25
SG,Kevon Harris (40676752),Kevon Harris,40676752,SG/G/UTIL,3000,HOU@MEM 11/05/2025 08:00PM ET,HOU,0
SF/PF,Isaiah Crawford (40676755),Isaiah Crawford,40676755,SF/PF/F/UTIL,3000,HOU@MEM 11/05/2025 08:00PM ET,HOU,0
SF/PF,Jae'Sean Tate (40676759),Jae'Sean Tate,40676759,SF/PF/F/UTIL,3000,HOU@MEM 11/05/2025 08:00PM ET,HOU,3.5
PG,JD Davison (40676763),JD Davison,40676763,PG/G/UTIL,3000,HOU@MEM 11/05/2025 08:00PM ET,HOU,8
PG,Fred VanVleet (40676766),Fred VanVleet,40676766,PG/G/UTIL,3000,HOU@MEM 11/05/2025 08:00PM ET,HOU,0
SF,Kevin McCullar Jr. (40676654),Kevin McCullar Jr.,40676654,SF/F/UTIL,3000,MIN@NYK 11/05/2025 07:30PM ET,NYK,0
C,Trey Jemison (40676657),Trey Jemison,40676657,C/UTIL,3000,MIN@NYK 11/05/2025 07:30PM ET,NYK,2.5
PF,Mohamed Diawara (40676659),Mohamed Diawara,40676659,PF/F/UTIL,3000,MIN@NYK 11/05/2025 07:30PM ET,NYK,0.33
PG,Tyler Kolek (40676662),Tyler Kolek,40676662,PG/G/UTIL,3000,MIN@NYK 11/05/2025 07:30PM ET,NYK,5.57
SF,Pacome Dadiet (40676665),Pacome Dadiet,40676665,SF/F/UTIL,3000,MIN@NYK 11/05/2025 07:30PM ET,NYK,0.62
C,Ariel Hukporti (40676668),Ariel Hukporti,40676668,C/UTIL,3000,MIN@NYK 11/05/2025 07:30PM ET,NYK,7.5
PF,Tosan Evbuomwan (40676670),Tosan Evbuomwan,40676670,PF/F/UTIL,3000,MIN@NYK 11/05/2025 07:30PM ET,NYK,0
PF,Leonard Miller (40676785),Leonard Miller,40676785,PF/F/UTIL,3000,MIN@NYK 11/05/2025 07:30PM ET,MIN,2
C,Joan Beringer (40676788),Joan Beringer,40676788,C/UTIL,3000,MIN@NYK 11/05/2025 07:30PM ET,MIN,2.06
C,Rocco Zikarsky (40676790),Rocco Zikarsky,40676790,C/UTIL,3000,MIN@NYK 11/05/2025 07:30PM ET,MIN,0
PF/C,Enrique Freeman (40676792),Enrique Freeman,40676792,PF/C/F/UTIL,3000,MIN@NYK 11/05/2025 07:30PM ET,MIN,0
SG/SF,Johnny Juzang (40676796),Johnny Juzang,40676796,SG/SF/F/G/UTIL,3000,MIN@NYK 11/05/2025 07:30PM ET,MIN,1.92
SF/PF,Joe Ingles (40676801),Joe Ingles,40676801,SF/PF/F/UTIL,3000,MIN@NYK 11/05/2025 07:30PM ET,MIN,0.75
